<?xml version="1.0" encoding="utf-8"?>
<feed xmlns="http://www.w3.org/2005/Atom"><title>A Pelican Blog</title><link href="/" rel="alternate"/><link href="/feeds/all-en.atom.xml" rel="self"/><id>/</id><updated>2025-09-11T00:00:00+00:00</updated><entry><title>뇨스의 개발 일기장</title><link href="/hello-world.html" rel="alternate"/><published>2025-09-11T00:00:00+00:00</published><updated>2025-09-11T00:00:00+00:00</updated><author><name/></author><id>tag:None,2025-09-11:/hello-world.html</id><content type="html">&lt;p&gt;안녕하세요! Pelican을 사용해 만든 뇨스의 개발 일기장 입니다 😎&lt;/p&gt;</content><category term="블로그"/><category term="pelican"/><category term="python"/></entry></feed>