<?xml version="1.0" encoding="utf-8"?>
<feed xmlns="http://www.w3.org/2005/Atom"><title>뇨스의 개발 일기장 - 블로그</title><link href="https://nuyos.github.io/" rel="alternate"/><link href="https://nuyos.github.io/feeds/beulrogeu.atom.xml" rel="self"/><id>https://nuyos.github.io/</id><updated>2025-09-11T00:00:00+09:00</updated><entry><title>뇨스의 개발 일기장</title><link href="https://nuyos.github.io/hello-world.html" rel="alternate"/><published>2025-09-11T00:00:00+09:00</published><updated>2025-09-11T00:00:00+09:00</updated><author><name>뇨스</name></author><id>tag:nuyos.github.io,2025-09-11:/hello-world.html</id><content type="html">&lt;p&gt;안녕하세요! Pelican을 사용해 만든 뇨스의 개발 일기장 입니다 😎&lt;/p&gt;</content><category term="블로그"/><category term="pelican"/><category term="python"/></entry></feed>