<?xml version="1.0" encoding="utf-8"?>
<rss version="2.0" xmlns:atom="http://www.w3.org/2005/Atom"><channel><title>뇨스의 개발 일기장 - 뇨스</title><link>https://nuyos.github.io/</link><description/><atom:link href="https://nuyos.github.io/feeds/nyoseu.rss.xml" rel="self"/><lastBuildDate>Thu, 11 Sep 2025 00:00:00 +0900</lastBuildDate><item><title>뇨스의 개발 일기장</title><link>https://nuyos.github.io/hello-world.html</link><description>&lt;p&gt;안녕하세요! Pelican을 사용해 만든 뇨스의 개발 일기장 입니다 😎&lt;/p&gt;</description><dc:creator xmlns:dc="http://purl.org/dc/elements/1.1/">뇨스</dc:creator><pubDate>Thu, 11 Sep 2025 00:00:00 +0900</pubDate><guid>tag:nuyos.github.io,2025-09-11:/hello-world.html</guid><category>블로그</category><category>pelican</category><category>python</category></item></channel></rss>